title,link
[solidcore],https://www.google.com/maps/place/%5Bsolidcore%5D/data=!4m7!3m6!1s0x8644b508964eaaab:0xaaa1c93869c2b954!8m2!3d30.2651435!4d-97.7455651!16s%2Fg%2F11gxmfsz7k!19sChIJq6pOlgi1RIYRVLnCaTjJoao?authuser=0&hl=en&rclk=1
Evolve Personal Fitness & Gym,https://www.google.com/maps/place/Evolve+Personal+Fitness+%26+Gym/data=!4m7!3m6!1s0x865b4bb79e5fadd3:0xee253c3fba3ceaa8!8m2!3d30.2369076!4d-97.8473133!16s%2Fg%2F1tfrmrw3!19sChIJ061fnrdLW4YRqOo8uj88Je4?authuser=0&hl=en&rclk=1
Orangetheory Fitness,https://www.google.com/maps/place/Orangetheory+Fitness/data=!4m7!3m6!1s0x865b4b0d398816d1:0xe6ccd7c6a71762a!8m2!3d30.226531!4d-97.8213907!16s%2Fg%2F11g659lby_!19sChIJ0RaIOQ1LW4YRKnZxanzNbA4?authuser=0&hl=en&rclk=1
Gold's Gym Austin South,https://www.google.com/maps/place/Gold's+Gym+Austin+South/data=!4m7!3m6!1s0x8644b30d6ee88b75:0xca374f67f975541a!8m2!3d30.2238075!4d-97.8400967!16s%2Fg%2F1td_hn3h!19sChIJdYvobg2zRIYRGlR1-WdPN8o?authuser=0&hl=en&rclk=1
Mighty Fit,https://www.google.com/maps/place/Mighty+Fit/data=!4m7!3m6!1s0x865b4acde99aaabf:0x4964c0d468ebc5d3!8m2!3d30.2433567!4d-97.845169!16s%2Fg%2F11bw2h111p!19sChIJv6qa6c1KW4YR08XraNTAZEk?authuser=0&hl=en&rclk=1
My Gym Children's Fitness Center,https://www.google.com/maps/place/My+Gym+Children's+Fitness+Center/data=!4m7!3m6!1s0x865b4b311f343cff:0x84231bd469fbd97!8m2!3d30.2356965!4d-97.8372383!16s%2Fg%2F1tm8fdh7!19sChIJ_zw0HzFLW4YRl72fRr0xQgg?authuser=0&hl=en&rclk=1
Chris Protein Personal Training Austin,https://www.google.com/maps/place/Chris+Protein+Personal+Training+Austin/data=!4m7!3m6!1s0x865b4bb77482d32d:0xf3a8c97f088a1347!8m2!3d30.2369207!4d-97.8473121!16s%2Fg%2F1ptwdph7n!19sChIJLdOCdLdLW4YRRxOKCH_JqPM?authuser=0&hl=en&rclk=1
Pulse Performance Arbor Trails,https://www.google.com/maps/place/Pulse+Performance+Arbor+Trails/data=!4m7!3m6!1s0x865b4be7ef5895ef:0x69221af786aec338!8m2!3d30.2217273!4d-97.8414099!16s%2Fg%2F11s16vx6tl!19sChIJ75VY7-dLW4YROMOuhvcaImk?authuser=0&hl=en&rclk=1
Southwest Family YMCA,https://www.google.com/maps/place/Southwest+Family+YMCA/data=!4m7!3m6!1s0x865b4bc8ee88b153:0x84bbe735b04b5acb!8m2!3d30.2363098!4d-97.8536203!16s%2Fg%2F1tltmsxc!19sChIJU7GI7shLW4YRy1pLsDXnu4Q?authuser=0&hl=en&rclk=1
MONTEREY RANCH - Gym,https://www.google.com/maps/place/MONTEREY+RANCH+-+Gym/data=!4m7!3m6!1s0x865b4bbad2ff6b83:0x61dc8edd106f407!8m2!3d30.233401!4d-97.8396805!16s%2Fg%2F11fxw5kx3x!19sChIJg2v_0rpLW4YRB_QG0e3IHQY?authuser=0&hl=en&rclk=1
FeV Iron Vault Gym,https://www.google.com/maps/place/FeV+Iron+Vault+Gym/data=!4m7!3m6!1s0x865b4b4c6a14ab57:0xcd2ac6e55093c7fc!8m2!3d30.2296924!4d-97.7913436!16s%2Fg%2F11gwhd8yg5!19sChIJV6sUakxLW4YR_MeTUOXGKs0?authuser=0&hl=en&rclk=1
LA Fitness,https://www.google.com/maps/place/LA+Fitness/data=!4m7!3m6!1s0x865b4b317049a77d:0x2fff2d2bbe8c714d!8m2!3d30.2348134!4d-97.7917649!16s%2Fg%2F11b7f_9wjy!19sChIJfadJcDFLW4YRTXGMvist_y8?authuser=0&hl=en&rclk=1
FIT Austin,https://www.google.com/maps/place/FIT+Austin/data=!4m7!3m6!1s0x8644b4d3adbf48f3:0xa5166ccb824b268c!8m2!3d30.2420561!4d-97.781387!16s%2Fg%2F1jky60rkg!19sChIJ80i_rdO0RIYRjCZLgstsFqU?authuser=0&hl=en&rclk=1
F45 Training Oak Hill TX,https://www.google.com/maps/place/F45+Training+Oak+Hill+TX/data=!4m7!3m6!1s0x865b497ca05f5d09:0x9e90cfe400e7399c!8m2!3d30.2354046!4d-97.878017!16s%2Fg%2F11hcdwhqyp!19sChIJCV1foHxJW4YRnDnnAOTPkJ4?authuser=0&hl=en&rclk=1
LA Fitness,https://www.google.com/maps/place/LA+Fitness/data=!4m7!3m6!1s0x865b4cf3df0a6cbb:0xf811c8eb342c6e26!8m2!3d30.1750793!4d-97.8214187!16s%2Fg%2F11byx6b2hn!19sChIJu2wK3_NMW4YRJm4sNOvIEfg?authuser=0&hl=en&rclk=1
Atomic Athlete,https://www.google.com/maps/place/Atomic+Athlete/data=!4m7!3m6!1s0x8644b67e6b74f6d3:0x8e84ba6b30c5e70a!8m2!3d30.2221905!4d-97.756855!16s%2Fg%2F1hc90fjtp!19sChIJ0_Z0a362RIYRCufFMGu6hI4?authuser=0&hl=en&rclk=1
Alliance Physical Culture,https://www.google.com/maps/place/Alliance+Physical+Culture/data=!4m7!3m6!1s0x865b4b608113dd7b:0xc3d7aee125d32844!8m2!3d30.2063721!4d-97.8071133!16s%2Fg%2F11b7q7kxvl!19sChIJe90TgWBLW4YRRCjTJeGu18M?authuser=0&hl=en&rclk=1
"Onnit Gym - Austin, TX","https://www.google.com/maps/place/Onnit+Gym+-+Austin,+TX/data=!4m7!3m6!1s0x8644b37dfe72837f:0x16dc71b8afcf1d36!8m2!3d30.2066521!4d-97.747788!16s%2Fg%2F11b6j_9fkn!19sChIJf4Ny_n2zRIYRNh3Pr7hx3BY?authuser=0&hl=en&rclk=1"
Life Time,https://www.google.com/maps/place/Life+Time/data=!4m7!3m6!1s0x865b4b08dc52c621:0x37da27b9e0efb157!8m2!3d30.2152239!4d-97.8392601!16s%2Fg%2F1th63t02!19sChIJIcZS3AhLW4YRV7Hv4Lkn2jc?authuser=0&hl=en&rclk=1
Los Campeones Gym,https://www.google.com/maps/place/Los+Campeones+Gym/data=!4m7!3m6!1s0x865b49d2d03c092d:0xbc4a5eca3308ab63!8m2!3d30.2324123!4d-97.9264735!16s%2Fg%2F11sg273wt5!19sChIJLQk80NJJW4YRY6sIM8peSrw?authuser=0&hl=en&rclk=1
Planet Fitness,https://www.google.com/maps/place/Planet+Fitness/data=!4m7!3m6!1s0x8644b3446ffb9fd3:0x527d7c4c875eeb27!8m2!3d30.1902981!4d-97.7678735!16s%2Fg%2F11c53d1sc7!19sChIJ05_7b0SzRIYRJ-teh0x8fVI?authuser=0&hl=en&rclk=1
Gold's Gym Austin South Central,https://www.google.com/maps/place/Gold's+Gym+Austin+South+Central/data=!4m7!3m6!1s0x8644b4b560772b01:0xabe3843a48187803!8m2!3d30.2268237!4d-97.784686!16s%2Fg%2F1tf7h1hp!19sChIJASt3YLW0RIYRA3gYSDqE46s?authuser=0&hl=en&rclk=1
Planet Fitness,https://www.google.com/maps/place/Planet+Fitness/data=!4m7!3m6!1s0x865b4cf6d3dabf2b:0x40c79bdce823ed4b!8m2!3d30.1711775!4d-97.8237532!16s%2Fg%2F1vj5_mmc!19sChIJK7_a0_ZMW4YRS-0j6Nybx0A?authuser=0&hl=en&rclk=1
South Austin Gym,https://www.google.com/maps/place/South+Austin+Gym/data=!4m7!3m6!1s0x8644b51f13feb3c7:0x9fadab0c04bae345!8m2!3d30.2156253!4d-97.7999235!16s%2Fg%2F1262c8w22!19sChIJx7P-Ex-1RIYRReO6BAyrrZ8?authuser=0&hl=en&rclk=1
Castle Hill Fitness Gym & Spa,https://www.google.com/maps/place/Castle+Hill+Fitness+Gym+%26+Spa/data=!4m7!3m6!1s0x8644b572bc8e3f1b:0xe88dcd9b6b534318!8m2!3d30.276607!4d-97.75193!16s%2Fg%2F1tk_k2xx!19sChIJGz-OvHK1RIYRGENTa5vNjeg?authuser=0&hl=en&rclk=1
Austin Fitness Center,https://www.google.com/maps/place/Austin+Fitness+Center/data=!4m7!3m6!1s0x865b4c684b744d19:0x3ac9f461a5ac52be!8m2!3d30.1802428!4d-97.8419391!16s%2Fg%2F11b6_msz3z!19sChIJGU10S2hMW4YRvlKspWH0yTo?authuser=0&hl=en&rclk=1
Orangetheory Fitness,https://www.google.com/maps/place/Orangetheory+Fitness/data=!4m7!3m6!1s0x8644b50ac0be4a31:0x80de9c24cdf65b18!8m2!3d30.2661236!4d-97.7477057!16s%2Fg%2F11g0gdplwn!19sChIJMUq-wAq1RIYRGFv2zSSc3oA?authuser=0&hl=en&rclk=1
Chalk Training,https://www.google.com/maps/place/Chalk+Training/data=!4m7!3m6!1s0x865b357f08c35d01:0x16f1a8942fa93477!8m2!3d30.296948!4d-97.826695!16s%2Fg%2F11cs9wrxxr!19sChIJAV3DCH81W4YRdzSpL5So8RY?authuser=0&hl=en&rclk=1
Life Time,https://www.google.com/maps/place/Life+Time/data=!4m7!3m6!1s0x8644b5121cc3603b:0x2808551cd8419c74!8m2!3d30.269586!4d-97.7538086!16s%2Fg%2F1tj4z2t4!19sChIJO2DDHBK1RIYRdJxB2BxVCCg?authuser=0&hl=en&rclk=1
Austin Bouldering Project Westgate,https://www.google.com/maps/place/Austin+Bouldering+Project+Westgate/data=!4m7!3m6!1s0x865b4b7681d5db29:0xb123b7a5a7647f60!8m2!3d30.2308611!4d-97.7992829!16s%2Fg%2F11p0wdc5tw!19sChIJKdvVgXZLW4YRYH9kp6W3I7E?authuser=0&hl=en&rclk=1
Anytime Fitness,https://www.google.com/maps/place/Anytime+Fitness/data=!4m7!3m6!1s0x8644ca7fa7d42bbf:0xc53ccd4168a7ab4f!8m2!3d30.3005891!4d-97.7392142!16s%2Fg%2F1tfj3k97!19sChIJvyvUp3_KRIYRT6unaEHNPMU?authuser=0&hl=en&rclk=1
Austin Strength and Conditioning,https://www.google.com/maps/place/Austin+Strength+and+Conditioning/data=!4m7!3m6!1s0x865b4b842e8240ef:0x6f4fd6cfb47fb887!8m2!3d30.2437926!4d-97.8435301!16s%2Fg%2F11h61f2kb_!19sChIJ70CCLoRLW4YRh7h_tM_WT28?authuser=0&hl=en&rclk=1
Free Your Fitness 24,https://www.google.com/maps/place/Free+Your+Fitness+24/data=!4m7!3m6!1s0x865b4da5bf1282ed:0x7c27f84eaf2b318a!8m2!3d30.1424469!4d-97.8347394!16s%2Fg%2F11b61qfl9y!19sChIJ7YISv6VNW4YRijErr074J3w?authuser=0&hl=en&rclk=1
Gold's Gym Austin Westlake,https://www.google.com/maps/place/Gold's+Gym+Austin+Westlake/data=!4m7!3m6!1s0x865b4a803cc54b0d:0x8e7c40aaea456db7!8m2!3d30.293011!4d-97.8271572!16s%2Fg%2F1ptyh169z!19sChIJDUvFPIBKW4YRt21F6qpAfI4?authuser=0&hl=en&rclk=1
The Little Gym of Austin South,https://www.google.com/maps/place/The+Little+Gym+of+Austin+South/data=!4m7!3m6!1s0x865b4b9766b63abb:0x5e2cecf8232a6d97!8m2!3d30.2082333!4d-97.8171431!16s%2Fg%2F1tgw5fyn!19sChIJuzq2ZpdLW4YRl20qI_jsLF4?authuser=0&hl=en&rclk=1
Anytime Fitness,https://www.google.com/maps/place/Anytime+Fitness/data=!4m7!3m6!1s0x865b4f2d08e4fa1b:0xb2d63543cb7e0880!8m2!3d30.1935277!4d-97.9251609!16s%2Fg%2F1q5bt9xq0!19sChIJG_rkCC1PW4YRgAh-y0M11rI?authuser=0&hl=en&rclk=1
Austin Art of Fitness,https://www.google.com/maps/place/Austin+Art+of+Fitness/data=!4m7!3m6!1s0x865b4b2321b3554d:0x4b113d3158c30870!8m2!3d30.235408!4d-97.8617596!16s%2Fg%2F11fp3qw97g!19sChIJTVWzISNLW4YRcAjDWDE9EUs?authuser=0&hl=en&rclk=1
Austin Women's Boxing Club,https://www.google.com/maps/place/Austin+Women's+Boxing+Club/data=!4m7!3m6!1s0x8644b4945701d527:0x3209ce3909579a7d!8m2!3d30.2417509!4d-97.7814124!16s%2Fg%2F119v29m1s!19sChIJJ9UBV5S0RIYRfZpXCTnOCTI?authuser=0&hl=en&rclk=1
Crux Climbing Center Fitness Barn,https://www.google.com/maps/place/Crux+Climbing+Center+Fitness+Barn/data=!4m7!3m6!1s0x8644b54078a23fb3:0x9795ab0ba6a14229!8m2!3d30.2274402!4d-97.7629375!16s%2Fg%2F11hf7kw430!19sChIJsz-ieEC1RIYRKUKhpgurlZc?authuser=0&hl=en&rclk=1
GirlPower Fitness,https://www.google.com/maps/place/GirlPower+Fitness/data=!4m7!3m6!1s0x865b4ecfa803d1e5:0x45f6d1a771c31e23!8m2!3d30.188265!4d-97.9021099!16s%2Fg%2F11btwr0x5m!19sChIJ5dEDqM9OW4YRIx7DcafR9kU?authuser=0&hl=en&rclk=1
Austin Kickboxing Academy,https://www.google.com/maps/place/Austin+Kickboxing+Academy/data=!4m7!3m6!1s0x8644b42da16ef893:0xb1aa3b2756829103!8m2!3d30.2226672!4d-97.7565315!16s%2Fg%2F1hg4ys3hz!19sChIJk_huoS20RIYRA5GCVic7qrE?authuser=0&hl=en&rclk=1
Gold's Gym Austin Downtown,https://www.google.com/maps/place/Gold's+Gym+Austin+Downtown/data=!4m7!3m6!1s0x8644b509b8330cbd:0x5174ce73e798309b!8m2!3d30.2673606!4d-97.7419662!16s%2Fg%2F1td7j3j4!19sChIJvQwzuAm1RIYRmzCY53POdFE?authuser=0&hl=en&rclk=1
Ghostletics Gym,https://www.google.com/maps/place/Ghostletics+Gym/data=!4m7!3m6!1s0x865b532259aeb689:0xfbc068c61709a44c!8m2!3d30.0593983!4d-97.8008502!16s%2Fg%2F11rc74b4v8!19sChIJibauWSJTW4YRTKQJF8ZowPs?authuser=0&hl=en&rclk=1
MOVE Austin Fitness,https://www.google.com/maps/place/MOVE+Austin+Fitness/data=!4m7!3m6!1s0x8644caa0a5ed17df:0xca4ebb3c3dd2e031!8m2!3d30.297688!4d-97.767964!16s%2Fg%2F1hc2t5tjs!19sChIJ3xftpaDKRIYRMeDSPTy7Tso?authuser=0&hl=en&rclk=1
Atomic Outpost - North Austin,https://www.google.com/maps/place/Atomic+Outpost+-+North+Austin/data=!4m7!3m6!1s0x8644cbc633ad3d63:0xbc4cf9a109b0d396!8m2!3d30.3766651!4d-97.7123517!16s%2Fg%2F11hz1h9wpm!19sChIJYz2tM8bLRIYRltOwCaH5TLw?authuser=0&hl=en&rclk=1
413 FITNESS,https://www.google.com/maps/place/413+FITNESS/data=!4m7!3m6!1s0x865b4b9c85583a9b:0x405c43fc5e23d1f9!8m2!3d30.2417063!4d-97.7812914!16s%2Fg%2F11dxd2rb70!19sChIJmzpYhZxLW4YR-dEjXvxDXEA?authuser=0&hl=en&rclk=1
Anytime Fitness,https://www.google.com/maps/place/Anytime+Fitness/data=!4m7!3m6!1s0x865b5242ec3bbad5:0x1110716d16468917!8m2!3d30.0881756!4d-97.822476!16s%2Fg%2F1tfwqczr!19sChIJ1bo77EJSW4YRF4lGFm1xEBE?authuser=0&hl=en&rclk=1
MOD FITNESS,https://www.google.com/maps/place/MOD+FITNESS/data=!4m7!3m6!1s0x8644b4d92be79893:0x4af9771a4cd1a449!8m2!3d30.2547848!4d-97.761429!16s%2Fg%2F1hhw2ydk8!19sChIJk5jnK9m0RIYRSaTRTBp3-Uo?authuser=0&hl=en&rclk=1
Community Strength Austin,https://www.google.com/maps/place/Community+Strength+Austin/data=!4m7!3m6!1s0x8644b52d608c51ef:0x9c786e67790f59b1!8m2!3d30.2504142!4d-97.7739562!16s%2Fg%2F11tg133nmc!19sChIJ71GMYC21RIYRsVkPeWdueJw?authuser=0&hl=en&rclk=1
Kid's Gym,https://www.google.com/maps/place/Kid's+Gym/data=!4m7!3m6!1s0x865b497ce2b659f7:0x639ecbe73f43dd32!8m2!3d30.235755!4d-97.8749432!16s%2Fg%2F11k5ls7hkn!19sChIJ91m24nxJW4YRMt1DP-fLnmM?authuser=0&hl=en&rclk=1
